{"IMG_0005.JPG": [[425.0, 230.0, 408.0, 533.0, 698.0, 538.0, 723.0, 252.0, 0.9999995231628418]], "IMG_0006.JPG": [[281.0, 193.0, 281.0, 548.0, 630.0, 529.0, 633.0, 212.0, 0.9999972581863403]], "IMG_0007.JPG": [[354.0, 146.0, 354.0, 555.0, 745.0, 533.0, 740.0, 168.0, 0.999998927116394]], "IMG_0012.JPG": [[300.0, 66.0, 315.0, 558.0, 828.0, 558.0, 815.0, 66.0, 0.9999996423721313]], "IMG_0053.JPG": [[859.0, 445.0, 850.0, 775.0, 995.0, 781.0, 1022.0, 455.0, 0.9765601754188538]]}