{"IMG_0005.JPG": [[425.0, 229.0, 403.0, 518.0, 722.0, 518.0, 722.0, 258.0, 0.9999758005142212]], "IMG_0006.JPG": [[300.0, 180.0, 273.0, 523.0, 644.0, 523.0, 636.0, 222.0, 0.9999610185623169]], "IMG_0012.JPG": [[328.0, 45.0, 295.0, 544.0, 856.0, 544.0, 843.0, 91.0, 0.9999691247940063]], "IMG_0007.JPG": [[363.0, 143.0, 358.0, 557.0, 747.0, 550.0, 742.0, 192.0, 0.9999814033508301]], "IMG_0053.JPG": [[998.0, 448.0, 850.0, 459.0, 875.0, 789.0, 1032.0, 746.0, 0.9994955062866211]]}